title,link,description,published_at
Remains found after wildfire identified as mother-of-three missing since 2019,https://www.bbc.co.uk/news/articles/c9e8e21x3vp4o?at_medium=RSS&at_campaign=rss,A 56-year-old man is arrested after the remains of Joanne Sheen were found in London almost seven years after she went missing.,"Thu, 17 Sep 2026 15:08:05 GMT"
"Charles 'sounded giddily elated' after Diana died, Earl Spencer claims",https://www.bbc.co.uk/news/articles/cqkg083ve78ro?at_medium=RSS&at_campaign=rss,Buckingham Palace has strongly pushed back against claims in a new book by the late Princess of Wales's brother.,"Fri, 18 Sep 2026 02:55:18 GMT"
War may be coming. Are we psychologically ready?,https://www.bbc.co.uk/news/articles/cmn0jke547r5o?at_medium=RSS&at_campaign=rss,"The military and government say the risk of conflict is growing, but we may not be mentally ready for it","Thu, 17 Sep 2026 23:22:17 GMT"
US fans with Ed Sheeran tickets left 'torn' over Macklemore controversy,https://www.bbc.co.uk/news/articles/c6rer05nqlx5o?at_medium=RSS&at_campaign=rss,"With Sheeran's next gig this weekend, some ticket holders said they were in two minds about going.","Fri, 18 Sep 2026 00:38:03 GMT"
UN experts say grounds to believe US committed war crimes in Iran strikes,https://www.bbc.co.uk/news/articles/cm9w4n5nverdo?at_medium=RSS&at_campaign=rss,The US has not acknowledged carrying out February's deadly strikes on a primary school in Minab and a sports complex in Lamerd.,"Thu, 17 Sep 2026 20:34:30 GMT"
British woman rescued in Malawi shootout that left four suspected kidnappers dead,https://www.bbc.co.uk/news/articles/cmlyrzz2gpw4o?at_medium=RSS&at_campaign=rss,"Police exchanged fire with the suspected kidnappers, who were armed with an AK-47 rifle and a pistol.","Fri, 18 Sep 2026 02:41:43 GMT"
New wild cat species discovered - with only one known living member,https://www.bbc.co.uk/news/articles/c6x2zgv9rr4ro?at_medium=RSS&at_campaign=rss,A spotted wildcat long mistaken for relatives has been identified as a new species in Bolivia.,"Thu, 17 Sep 2026 23:15:55 GMT"
Badenoch says she is bringing in lawyers to challenge government after Tory-run council's 94% tax hike,https://www.bbc.co.uk/news/articles/cw4gq87ed6n3o?at_medium=RSS&at_campaign=rss,"A row is growing over Wandsworth Council's rise, which the local authority is blaming on government funding cuts.","Fri, 18 Sep 2026 00:13:56 GMT"
Watch: Can humpback whales experience grief?,https://www.bbc.co.uk/news/videos/c6p93mn44m42o?at_medium=RSS&at_campaign=rss,Rare footage captured by researchers off Australia's Gold Coast suggests humpback whale mothers may experience grief when their calves die.,"Thu, 17 Sep 2026 22:10:03 GMT"
Archbishop of Canterbury withdraws award from Muslim cleric who praised Osama bin Laden,https://www.bbc.co.uk/news/articles/ckr50lrz5e6zo?at_medium=RSS&at_campaign=rss,"The award was handed out last week, on the anniversary of the 9/11 attacks.","Thu, 17 Sep 2026 20:08:02 GMT"
Not just 'Nice Guy Eddie': Lib Dems eager for leader to show radical side at party conference,https://www.bbc.co.uk/news/articles/cq4grjdz8xv5o?at_medium=RSS&at_campaign=rss,"There is a sizeable group of Lib Dem MPs who openly question whether the party's problem is with its leader, while others support his stance.","Fri, 18 Sep 2026 00:18:23 GMT"
Sunshine to return to parts of UK with warmer and drier weather on way,https://www.bbc.co.uk/weather/articles/cwr50l32rr6yo?at_medium=RSS&at_campaign=rss,High pressure over the UK next week will bring a break from the wet and windy weather so far this month.,"Fri, 18 Sep 2026 00:34:10 GMT"
Why we bought our first home with a 100% mortgage - despite the risks,https://www.bbc.co.uk/news/articles/cvj64w204y58o?at_medium=RSS&at_campaign=rss,The share of UK mortgages with smaller deposits is the highest it's been since 2008. The BBC spoke to borrowers about how they manage the risks.,"Thu, 17 Sep 2026 23:00:53 GMT"
Weekly quiz: Why did women's sports stars criticise actress Sydney Sweeney?,https://www.bbc.co.uk/news/articles/cmgrvdyxwz0go?at_medium=RSS&at_campaign=rss,How much attention did you pay to what happened in the world over the past seven days?,"Thu, 17 Sep 2026 18:52:26 GMT"
Learner drivers turn to YouTube and TikTok to cut costs - but instructors warn of risks,https://www.bbc.co.uk/news/articles/cvgjnz7md4lo?at_medium=RSS&at_campaign=rss,"One learner says social media clips saved her money, but there was also misinformation online.","Thu, 17 Sep 2026 21:11:37 GMT"
This Olympic river has 500 crocodiles in it - but that's not the main concern,https://www.bbc.co.uk/news/articles/c68xkypqyxw7o?at_medium=RSS&at_campaign=rss,"Queensland's Fitzroy River has been selected for the 2032 Games, despite concerns over the course - and its inhabitants.","Thu, 17 Sep 2026 23:29:17 GMT"
The Papers: 'Giddy King' and 'war of words' over Earl Spencer book,https://www.bbc.co.uk/news/articles/c6wyz87j9ge4o?at_medium=RSS&at_campaign=rss,Most papers feature the latest from the royal feud on the second day of Diana's brother Earl Spencer's book being serialised in the Daily Mail.,"Thu, 17 Sep 2026 23:17:30 GMT"
The big questions for Tuchel's first England squad since World Cup,https://www.bbc.co.uk/sport/football/articles/cq804jkle8j3o?at_medium=RSS&at_campaign=rss,"Before Thomas Tuchel names his first squad since the World Cup on Friday, BBC Sport looks at the big questions facing the England boss.","Thu, 17 Sep 2026 16:47:18 GMT"
Warm words on Canada's EU 'associate membership' but no guarantees,https://www.bbc.co.uk/news/articles/crlyqg1ekj4po?at_medium=RSS&at_campaign=rss,"There is no certainty that the idea will ever get off the ground, let alone become a blueprint for other countries, writes the BBC's Katya Adler.","Thu, 17 Sep 2026 16:59:43 GMT"
Healey to ask EU finance ministers to let UK into 'Made in Europe' industry scheme,https://www.bbc.co.uk/news/articles/cr6240ej07ejo?at_medium=RSS&at_campaign=rss,"The chancellor wants the Made in Europe programme to deepen ties with the UK ""rather than erecting new barriers"".","Thu, 17 Sep 2026 22:07:01 GMT"
Zara Larsson criticises White House for using her song in deportation video,https://www.bbc.co.uk/news/articles/cqr7d3l0y2zpo?at_medium=RSS&at_campaign=rss,"The White House removed Larsson's Midnight Sun from one of its reels after the artist called the clip ""dehumanising"".","Fri, 18 Sep 2026 01:20:33 GMT"
See tiny organisms on show in microscopic video competition,https://www.bbc.co.uk/news/videos/cr209jz45vn4o?at_medium=RSS&at_campaign=rss,"The winning video features tiny hair-like structures, called cilia, in the airways of a child with a rare genetic disease.","Fri, 18 Sep 2026 01:41:14 GMT"
UK Youth Parliament looks set to be axed,https://www.bbc.co.uk/news/articles/c689jke4w310o?at_medium=RSS&at_campaign=rss,"Some say scrapping the parliament for 11 to 18-year-olds would be a blow for democracy, while others say it is overdue.","Thu, 17 Sep 2026 17:53:55 GMT"
Why US plan to sell F-35 warplanes to Saudi Arabia is controversial,https://www.bbc.co.uk/news/articles/c3x2zrn01pxko?at_medium=RSS&at_campaign=rss,"Saudi Arabia has lobbied the US for years to buy F35s, the world's most advanced fighter jet.","Fri, 18 Sep 2026 01:31:43 GMT"
Family of 'Putney pusher' suspect say he was innocent and blame police for his death,https://www.bbc.co.uk/news/articles/ckg59nq6y990o?at_medium=RSS&at_campaign=rss,The family of Nicholas Brandram said there was no forensic evidence linking him to the incident.,"Thu, 17 Sep 2026 16:51:55 GMT"
Hyrox athlete apologises for continuing race after soiling herself,https://www.bbc.co.uk/news/articles/ck0e35qyqlx0o?at_medium=RSS&at_campaign=rss,Joanna Wietrzyk has also forfeited her win in the fitness competition after competing last week.,"Thu, 17 Sep 2026 15:05:13 GMT"
BBC News app,https://www.bbc.co.uk/news/10628994?at_medium=RSS&at_campaign=rss,"Top stories, breaking news, live reporting, and follow news topics that match your interests","Wed, 30 Apr 2025 14:04:28 GMT"
Anne Hathaway and Jessica Chastain star in a psychological thriller,https://www.bbc.co.uk/iplayer/episode/m00304nj?at_mid=j1DqZnRRaM&at_campaign=Mothers_Instinct&at_medium=display_ad&at_campaign_type=owned&at_nation=NET&at_audience_id=SS&at_product=iplayer&at_brand=m00304nj&at_ptr_name=bbc&at_ptr_type=media&at_format=image&at_objective=consumption&at_link_title=Film&at_bbc_team=BBC&at_creation=Mothers_Instinct,It's the only thing you can trust. A friendship forged in motherhood is broken by a loss,"Fri, 14 Aug 2026 23:41:38 GMT"
"'Just the beginning' - Samba, 17, steals Man City show",https://www.bbc.co.uk/sport/football/articles/cqr7d30p1vjmo?at_medium=RSS&at_campaign=rss,Floyd Samba's scintillating debut stole the show at Etihad Stadium but also took the headlines away from another high-profile teenager in Manchester.,"Thu, 17 Sep 2026 22:00:18 GMT"
From -17 points to dream European start for Bournemouth,https://www.bbc.co.uk/sport/football/articles/c539mw7m0x4go?at_medium=RSS&at_campaign=rss,"Bournemouth started a League Two season on -17 points in 2008, now they have made a dream start in European competition.","Thu, 17 Sep 2026 23:30:34 GMT"
England crush Sri Lanka to seal T20 series win,https://www.bbc.co.uk/sport/cricket/articles/cm70dnrke6klo?at_medium=RSS&at_campaign=rss,England comfortably chase a below-par target of 146 to thrash Sri Lanka by six wickets and seal the three-match T20 series with a game to spare.,"Thu, 17 Sep 2026 20:55:37 GMT"
'Built differently' - Hodgkinson reveals hamstring abnormality,https://www.bbc.co.uk/sport/athletics/articles/cjx2zlpe67pvo?at_medium=RSS&at_campaign=rss,"Olympic champion Keely Hodgkinson says she is ""built differently"" after an MRI scan uncovered an ""abnormality"" in her hamstring.","Thu, 17 Sep 2026 18:04:33 GMT"
Champion Van Gerwen loses in first round to Gurney,https://www.bbc.co.uk/sport/darts/articles/crje8nkdkj28o?at_medium=RSS&at_campaign=rss,Defending champion Michael van Gerwen falls to a 6-5 defeat by Daryl Gurney in the opening round of the World Series of Darts Finals in Amsterdam.,"Thu, 17 Sep 2026 21:38:38 GMT"
